Name,RollN,Pd,Ad,Result,FavSub,ComingMethod,City
Parth,1,44,76,56,,Cycle,Surat
Dev,2,6,114,43,Maths,Bus,Bhuj
Pratik,3,39,81,84,English,Bus,Amreli
Bhavy,4,41,,54,English,Bus,Kundla
Rushi,5,114,6,61,Science,Cycle,Surat
Ankit,6,12,108,29,Maths,Walk,Surat
Harsh,,31,89,65,Maths,Walk,Kundla
Neel,8,85,35,50,Science,Cycle,Amreli
Rohit,9,107,13,68,Maths,Cycle,Bhuj
Noor,10,120,0,64,,Cycle,Bhuj
Sahil,11,45,75,83,English,Cycle,Surat
Priyank,12,36,84,57,English,Cycle,
Kartik,13,56,64,63,Maths,Cycle,Surat
Ankush,14,1,119,89,Science,Walk,Surat
Sohan,15,120,0,69,Science,Walk,Amreli
Veer,16,64,56,77,Science,Cycle,Bhuj
Nayan,17,56,64,48,Maths,Cycle,
Yogi,18,23,97,38,English,Cycle,Kundla
Yogi,18,23,97,38,English,Cycle,Kundla